<?xml version="1.0" encoding="UTF-8"?>
<project-private xmlns="http://www.netbeans.org/ns/project-private/1">
    <editor-bookmarks xmlns="http://www.netbeans.org/ns/editor-bookmarks/2" lastBookmarkId="0"/>
    <open-files xmlns="http://www.netbeans.org/ns/projectui-open-files/2">
        <group>
            <file>file:/C:/Users/Dell%207490/Documents/NetBeansProjects/Proyecto/src/proyecto/Cabinas.java</file>
            <file>file:/C:/Users/Dell%207490/Documents/NetBeansProjects/Proyecto/src/proyecto/SistemaReservaER.java</file>
            <file>file:/C:/Users/Dell%207490/Documents/NetBeansProjects/Proyecto/src/proyecto/Clases.java</file>
            <file>file:/C:/Users/Dell%207490/Documents/NetBeansProjects/Proyecto/src/proyecto/DisponCabina.java</file>
            <file>file:/C:/Users/Dell%207490/Documents/NetBeansProjects/Proyecto/src/proyecto/EspaciosRctvos.java</file>
            <file>file:/C:/Users/Dell%207490/Documents/NetBeansProjects/Proyecto/src/proyecto/Espacio.java</file>
            <file>file:/C:/Users/Dell%207490/Documents/NetBeansProjects/Proyecto/src/proyecto/Auditorio.java</file>
            <file>file:/C:/Users/Dell%207490/Documents/NetBeansProjects/Proyecto/src/proyecto/ClasesEnGrupo.java</file>
            <file>file:/C:/Users/Dell%207490/Documents/NetBeansProjects/Proyecto/src/proyecto/Gimnasio.java</file>
            <file>file:/C:/Users/Dell%207490/Documents/NetBeansProjects/Proyecto/src/proyecto/Socio.java</file>
            <file>file:/C:/Users/Dell%207490/Documents/NetBeansProjects/Proyecto/src/proyecto/Socios.java</file>
            <file>file:/C:/Users/Dell%207490/Documents/NetBeansProjects/Proyecto/src/proyecto/Proyecto.java</file>
        </group>
    </open-files>
</project-private>
